name,email,department,job_position
Jordan Smith,jordan.smith@example.com,Finance,Lead
Taylor Garcia,taylor.garcia@example.com,Support,Developer
Quinn Smith,quinn.smith@example.com,Sales,Associate
Morgan Miller,morgan.miller@example.com,HR,Engineer
Jamie Garcia,jamie.garcia@example.com,Operations,Coordinator
Morgan Garcia,morgan.garcia@example.com,Support,Representative
Casey Davis,casey.davis@example.com,Marketing,Representative
Taylor Smith,taylor.smith@example.com,Engineering,Representative
Morgan Williams,morgan.williams@example.com,HR,Director
Jordan Martinez,jordan.martinez@example.com,HR,Lead
Quinn Smith,quinn.smith1@example.com,Product,Engineer
Casey Williams,casey.williams@example.com,Sales,Manager
Skyler Williams,skyler.williams@example.com,Finance,Specialist
Morgan Brown,morgan.brown@example.com,Support,Coordinator
Alex Martinez,alex.martinez@example.com,Finance,Analyst
Morgan Rodriguez,morgan.rodriguez@example.com,Marketing,Manager
Jordan Brown,jordan.brown@example.com,Product,Lead
Jamie Jones,jamie.jones@example.com,Sales,Lead
Taylor Martinez,taylor.martinez@example.com,HR,Lead
Alex Garcia,alex.garcia@example.com,Engineering,Engineer
Quinn Davis,quinn.davis@example.com,Support,Director
Jordan Rodriguez,jordan.rodriguez@example.com,Marketing,Coordinator
Skyler Martinez,skyler.martinez@example.com,Sales,Coordinator
Jamie Garcia,jamie.garcia1@example.com,Operations,Director
Morgan Brown,morgan.brown1@example.com,Marketing,Engineer
Jordan Johnson,jordan.johnson@example.com,Marketing,Director
Taylor Davis,taylor.davis@example.com,Engineering,Lead
Quinn Garcia,quinn.garcia@example.com,Finance,Analyst
Morgan Williams,morgan.williams1@example.com,Finance,Coordinator
Morgan Martinez,morgan.martinez@example.com,Support,Coordinator
Taylor Rodriguez,taylor.rodriguez@example.com,Marketing,Coordinator
Riley Miller,riley.miller@example.com,HR,Engineer
Jordan Davis,jordan.davis@example.com,HR,Specialist
Casey Garcia,casey.garcia@example.com,Marketing,Analyst
Alex Jones,alex.jones@example.com,IT,Manager
Jamie Williams,jamie.williams@example.com,Support,Engineer
Casey Martinez,casey.martinez@example.com,Sales,Director
Peyton Rodriguez,peyton.rodriguez@example.com,Sales,Engineer
Riley Martinez,riley.martinez@example.com,Marketing,Analyst
Casey Garcia,casey.garcia1@example.com,IT,Coordinator
Jordan Brown,jordan.brown1@example.com,IT,Representative
Jamie Rodriguez,jamie.rodriguez@example.com,Support,Specialist
Casey Johnson,casey.johnson@example.com,Engineering,Analyst
Skyler Rodriguez,skyler.rodriguez@example.com,Support,Developer
Casey Garcia,casey.garcia2@example.com,Marketing,Engineer
Jordan Miller,jordan.miller@example.com,Sales,Director
Riley Smith,riley.smith@example.com,Operations,Engineer
Alex Garcia,alex.garcia1@example.com,Support,Engineer
Skyler Rodriguez,skyler.rodriguez1@example.com,Finance,Coordinator
Morgan Garcia,morgan.garcia1@example.com,IT,Director
Casey Miller,casey.miller@example.com,Sales,Associate
Casey Jones,casey.jones@example.com,Support,Associate
Peyton Davis,peyton.davis@example.com,Finance,Engineer
Jordan Garcia,jordan.garcia@example.com,Sales,Specialist
Quinn Williams,quinn.williams@example.com,Finance,Developer
Riley Williams,riley.williams@example.com,HR,Director
Skyler Jones,skyler.jones@example.com,Sales,Coordinator
Alex Johnson,alex.johnson@example.com,Support,Representative
Jamie Johnson,jamie.johnson@example.com,Design,Lead
Alex Garcia,alex.garcia2@example.com,HR,Developer
Skyler Martinez,skyler.martinez1@example.com,Sales,Manager
Morgan Miller,morgan.miller1@example.com,Engineering,Lead
Alex Miller,alex.miller@example.com,Sales,Developer
Riley Williams,riley.williams1@example.com,Support,Specialist
Jordan Williams,jordan.williams@example.com,Sales,Coordinator
Casey Jones,casey.jones1@example.com,Product,Coordinator
Morgan Johnson,morgan.johnson@example.com,Marketing,Lead
Riley Johnson,riley.johnson@example.com,Finance,Engineer
Skyler Williams,skyler.williams1@example.com,Operations,Analyst
Skyler Johnson,skyler.johnson@example.com,Sales,Representative
Casey Garcia,casey.garcia3@example.com,Engineering,Coordinator
Morgan Jones,morgan.jones@example.com,Finance,Director
Alex Johnson,alex.johnson1@example.com,Marketing,Specialist
Peyton Rodriguez,peyton.rodriguez1@example.com,Design,Developer
Riley Miller,riley.miller1@example.com,Engineering,Coordinator
Quinn Smith,quinn.smith2@example.com,Design,Manager
Jordan Martinez,jordan.martinez1@example.com,IT,Representative
Taylor Rodriguez,taylor.rodriguez1@example.com,HR,Coordinator
Skyler Smith,skyler.smith@example.com,Operations,Director
Alex Davis,alex.davis@example.com,Sales,Analyst
Jamie Jones,jamie.jones1@example.com,Sales,Representative
Jordan Williams,jordan.williams1@example.com,Design,Developer
Taylor Garcia,taylor.garcia1@example.com,Sales,Representative
Peyton Garcia,peyton.garcia@example.com,Support,Associate
Skyler Garcia,skyler.garcia@example.com,Marketing,Engineer
Jamie Davis,jamie.davis@example.com,Support,Representative
Taylor Johnson,taylor.johnson@example.com,HR,Director
Skyler Johnson,skyler.johnson1@example.com,IT,Specialist
Jamie Johnson,jamie.johnson1@example.com,Marketing,Representative
Skyler Williams,skyler.williams2@example.com,IT,Director
Riley Davis,riley.davis@example.com,Sales,Engineer
Morgan Garcia,morgan.garcia2@example.com,Operations,Director
Quinn Davis,quinn.davis1@example.com,Product,Specialist
Alex Johnson,alex.johnson2@example.com,Support,Manager
Casey Garcia,casey.garcia4@example.com,IT,Engineer
Skyler Johnson,skyler.johnson2@example.com,HR,Analyst
Quinn Rodriguez,quinn.rodriguez@example.com,Design,Engineer
Peyton Smith,peyton.smith@example.com,Support,Representative
Morgan Miller,morgan.miller2@example.com,IT,Specialist
Alex Rodriguez,alex.rodriguez@example.com,Operations,Engineer
Jamie Davis,jamie.davis1@example.com,Design,Director
Casey Davis,casey.davis1@example.com,Design,Coordinator
Peyton Johnson,peyton.johnson@example.com,Design,Analyst
Riley Garcia,riley.garcia@example.com,Finance,Coordinator
Taylor Jones,taylor.jones@example.com,Support,Director
Casey Martinez,casey.martinez1@example.com,Marketing,Manager
Quinn Jones,quinn.jones@example.com,Design,Analyst
Skyler Brown,skyler.brown@example.com,Sales,Specialist
Casey Jones,casey.jones2@example.com,Sales,Director
Quinn Davis,quinn.davis2@example.com,Marketing,Developer
Jordan Williams,jordan.williams2@example.com,Finance,Associate
Casey Rodriguez,casey.rodriguez@example.com,Product,Coordinator
Skyler Williams,skyler.williams3@example.com,IT,Representative
Jordan Garcia,jordan.garcia1@example.com,Support,Director
Morgan Rodriguez,morgan.rodriguez1@example.com,Marketing,Director
Casey Jones,casey.jones3@example.com,Engineering,Specialist
Skyler Johnson,skyler.johnson3@example.com,Marketing,Manager
Skyler Miller,skyler.miller@example.com,HR,Manager
Alex Johnson,alex.johnson3@example.com,Marketing,Coordinator
Alex Brown,alex.brown@example.com,Product,Representative
Riley Jones,riley.jones@example.com,Engineering,Analyst
Morgan Brown,morgan.brown2@example.com,Sales,Manager
Taylor Johnson,taylor.johnson1@example.com,Marketing,Representative
Riley Rodriguez,riley.rodriguez@example.com,IT,Specialist
Quinn Martinez,quinn.martinez@example.com,HR,Lead
Jamie Garcia,jamie.garcia2@example.com,HR,Director
Morgan Williams,morgan.williams2@example.com,IT,Director
Morgan Martinez,morgan.martinez1@example.com,Engineering,Engineer
Casey Davis,casey.davis2@example.com,Sales,Director
Riley Brown,riley.brown@example.com,Marketing,Engineer
Alex Johnson,alex.johnson4@example.com,Marketing,Manager
Morgan Davis,morgan.davis@example.com,Product,Specialist
Morgan Williams,morgan.williams3@example.com,Engineering,Specialist
Jordan Johnson,jordan.johnson1@example.com,Operations,Lead
Taylor Jones,taylor.jones1@example.com,Operations,Coordinator
Morgan Martinez,morgan.martinez2@example.com,IT,Engineer
Jordan Jones,jordan.jones@example.com,IT,Engineer
Skyler Brown,skyler.brown1@example.com,Operations,Engineer
Morgan Martinez,morgan.martinez3@example.com,Product,Specialist
Peyton Jones,peyton.jones@example.com,Finance,Engineer
Peyton Miller,peyton.miller@example.com,IT,Coordinator
Peyton Miller,peyton.miller1@example.com,IT,Representative
Peyton Rodriguez,peyton.rodriguez2@example.com,Marketing,Director
Jamie Jones,jamie.jones2@example.com,Engineering,Specialist
Skyler Garcia,skyler.garcia1@example.com,Product,Lead
Riley Williams,riley.williams2@example.com,Product,Specialist
Peyton Smith,peyton.smith1@example.com,Finance,Director
Jamie Brown,jamie.brown@example.com,Support,Specialist
Casey Rodriguez,casey.rodriguez1@example.com,Engineering,Lead
Riley Garcia,riley.garcia1@example.com,Engineering,Coordinator
